filename,media_type,timestamp,source_url,geotag,resolution_wxh,resolution_score,timestamp_score,vantage_score,total_score,tweet_text
1805797291581915144_1805794647295307777.mp4,video,Wed Jun 26 02:56:39 +0000 2024,https://twitter.com/STARLIGHT_ASIAN/status/1805797291581915144,No Geo-tag,16x1152,1,1,0,2,"✨STARLIGHTAWARDS  🏆2024 The Most Shining Star in Thailand  🥇No.1 Faye Peraya  🎉Faye Peraya New York,"
1805797291581915144_1805797231724818432.jpg,photo,Wed Jun 26 02:56:39 +0000 2024,https://twitter.com/STARLIGHT_ASIAN/status/1805797291581915144,No Geo-tag,2048x1536,3,1,0,4,"✨STARLIGHTAWARDS  🏆2024 The Most Shining Star in Thailand  🥇No.1 Faye Peraya  🎉Faye Peraya New York,"
1805797291581915144_1805797231867445248.jpg,photo,Wed Jun 26 02:56:39 +0000 2024,https://twitter.com/STARLIGHT_ASIAN/status/1805797291581915144,No Geo-tag,2048x1536,3,1,0,4,"✨STARLIGHTAWARDS  🏆2024 The Most Shining Star in Thailand  🥇No.1 Faye Peraya  🎉Faye Peraya New York,"
1805797291581915144_1805797231880011776.jpg,photo,Wed Jun 26 02:56:39 +0000 2024,https://twitter.com/STARLIGHT_ASIAN/status/1805797291581915144,No Geo-tag,2048x1536,3,1,0,4,"✨STARLIGHTAWARDS  🏆2024 The Most Shining Star in Thailand  🥇No.1 Faye Peraya  🎉Faye Peraya New York,"
1805725309360087343_1805725184264986624.mp4,video,Tue Jun 25 22:10:37 +0000 2024,https://twitter.com/nypostsports/status/1805725309360087343,No Geo-tag,9x1280,1,1,0,2,Yankees fans chanting 'Mets fans suck!' outside Citi Field 😳 https://t.co/huHGUBRzSz
1806130745267659242_1806130732189847552.jpg,photo,Thu Jun 27 01:01:40 +0000 2024,https://twitter.com/EmpireStateBldg/status/1806130745267659242,No Geo-tag,1080x1350,2,3,0,5,Shining purple in celebration of Grimace's birthday @mcdonalds @mets  Text CONNECT to 274-16 to get 
1806130745267659242_1806130736585461760.jpg,photo,Thu Jun 27 01:01:40 +0000 2024,https://twitter.com/EmpireStateBldg/status/1806130745267659242,No Geo-tag,800x640,1,3,0,4,Shining purple in celebration of Grimace's birthday @mcdonalds @mets  Text CONNECT to 274-16 to get 
1806130745267659242_1806130739160776704.jpg,photo,Thu Jun 27 01:01:40 +0000 2024,https://twitter.com/EmpireStateBldg/status/1806130745267659242,No Geo-tag,800x533,1,3,0,4,Shining purple in celebration of Grimace's birthday @mcdonalds @mets  Text CONNECT to 274-16 to get 
1806130745267659242_1806130742247723008.jpg,photo,Thu Jun 27 01:01:40 +0000 2024,https://twitter.com/EmpireStateBldg/status/1806130745267659242,No Geo-tag,800x533,1,3,0,4,Shining purple in celebration of Grimace's birthday @mcdonalds @mets  Text CONNECT to 274-16 to get 
1805958648146849795_1805958101155151872.mp4,video,Wed Jun 26 13:37:49 +0000 2024,https://twitter.com/TimesNow/status/1805958648146849795,No Geo-tag,9x1920,1,1,0,2,#WATCH | Girl narrowly avoids lightning strike while filming reel in Bihar's Sitamarhi   #ViralVideo
1806047037068345727_1806046994546176000.mp4,video,Wed Jun 26 19:29:03 +0000 2024,https://twitter.com/jmillitzer/status/1806047037068345727,No Geo-tag,108x1630,1,2,0,3,ALTON SINKHOLE -- Security video from Gordon F. Moore Community Park shows a sinkhole open up at the
1805559216398074018_1805559210983194624.jpg,photo,Tue Jun 25 11:10:37 +0000 2024,https://twitter.com/barrybutler9/status/1805559216398074018,No Geo-tag,1223x1529,2,1,0,3,About Last Night.  932pm over Sears Tower on Monday in Chicago.  #lightning #weather #news #chicago 
1805429328928215537_1805429322720698369.jpg,photo,Tue Jun 25 02:34:29 +0000 2024,https://twitter.com/barrybutler9/status/1805429328928215537,No Geo-tag,1296x864,2,1,0,3,Lightning over the Chicago Skyline on Monday at 926pm https://t.co/SOxb3oi1bT
1805633106474369360_1805633071548354562.mp4,video,Tue Jun 25 16:04:14 +0000 2024,https://twitter.com/ChiPhotoGuy/status/1805633106474369360,"Location: Chicago, IL",16x720,1,1,1,3,Here’s a look at some of the brighter lightning flashes last night // #ILwx #ChicagoWX https://t.co/
1806292888562676094_1806292841649389569.mp4,video,Thu Jun 27 11:45:58 +0000 2024,https://twitter.com/DanTVusa/status/1806292888562676094,No Geo-tag,16x720,1,2,0,3,⚡️Electric Avenue⚡️ Check out this #slowmo video of last nights #Lightning #Storm over #NYC https://
1806298978121605542_1806298244756226048.jpg,photo,Thu Jun 27 12:10:10 +0000 2024,https://twitter.com/NWSFairbanks/status/1806298978121605542,No Geo-tag,1024x768,1,2,0,3,🗣⚠️Attention North Slope and Brooks Range. Strong to severe thunderstorms are expected this afternoo
1805640843208147137_1805634890584543235.jpg,photo,Tue Jun 25 16:34:58 +0000 2024,https://twitter.com/MLB/status/1805640843208147137,No Geo-tag,1080x1350,2,1,0,3,Battle of the Boroughs.   The @Mets host the @Yankees in the Subway Series opener tonight at 7:10 PM
1805545700324737278_1805545697699143681.jpg,photo,Tue Jun 25 10:16:55 +0000 2024,https://twitter.com/bitcoinlfgo/status/1805545700324737278,No Geo-tag,1110x692,1,1,0,2,BIG BREAKING NEWS 🚨  #Bitcoin lightning payments app Strike launches to millions of Users across the
1806465188398248223_1806465180416520192.jpg,photo,Thu Jun 27 23:10:38 +0000 2024,https://twitter.com/EdPiotrowski/status/1806465188398248223,No Geo-tag,731x1096,1,1,0,2,Incredible lightning strike just offshore of North Myrtle Beach this afternoon. Amazing Jerry S! #sc
1805989346631196923_1805989319397515264.mp4,video,Wed Jun 26 15:39:48 +0000 2024,https://twitter.com/jnlonly/status/1805989346631196923,No Geo-tag,180x1084,1,2,0,3,di pa tayo tapos 😆  ‘HEY YOU’ Billboard Ads in New York Times Square. June 27 @ 10AM &amp; 10PM (PH 
1806132064179155163_1806131992339050496.mp4,video,Thu Jun 27 01:06:55 +0000 2024,https://twitter.com/Travesty87/status/1806132064179155163,No Geo-tag,9x1280,1,3,0,4,Hurricane Grimmace has touched down at Citi Field #LGM https://t.co/JMhfzxUXpB
1805727614080008638_1805727547474186240.mp4,video,Tue Jun 25 22:19:46 +0000 2024,https://twitter.com/nypostsports/status/1805727614080008638,No Geo-tag,9x1920,1,1,0,2,The bleacher creatures are invading Citi Field 👀 https://t.co/vuhcuIvsZd
1805630374640267439_1805630372467642368.jpg,photo,Tue Jun 25 15:53:22 +0000 2024,https://twitter.com/TraderGirlQ/status/1805630374640267439,No Geo-tag,1080x1846,2,1,0,3,THE SCHUMAN IS GETTING MORE INTENSE POWER WENT FROM 71 TO 78 💡💡💡  HOW LONG WILL IT LAST? ANOTHER BLA
1805630374640267439_1805630372106944512.jpg,photo,Tue Jun 25 15:53:22 +0000 2024,https://twitter.com/TraderGirlQ/status/1805630374640267439,No Geo-tag,321x374,1,1,0,2,THE SCHUMAN IS GETTING MORE INTENSE POWER WENT FROM 71 TO 78 💡💡💡  HOW LONG WILL IT LAST? ANOTHER BLA
